CREATE DATABASE  IF NOT EXISTS `kulr` /*!40100 DEFAULT CHARACTER SET latin1 */;
USE `kulr`;
-- MySQL dump 10.13  Distrib 5.6.13, for Win32 (x86)
--
-- Host: localhost    Database: kulr
-- ------------------------------------------------------
-- Server version	5.0.17-nt

/*!40101 SET @OLD_CHARACTER_SET_CLIENT=@@CHARACTER_SET_CLIENT */;
/*!40101 SET @OLD_CHARACTER_SET_RESULTS=@@CHARACTER_SET_RESULTS */;
/*!40101 SET @OLD_COLLATION_CONNECTION=@@COLLATION_CONNECTION */;
/*!40101 SET NAMES utf8 */;
/*!40103 SET @OLD_TIME_ZONE=@@TIME_ZONE */;
/*!40103 SET TIME_ZONE='+00:00' */;
/*!40014 SET @OLD_UNIQUE_CHECKS=@@UNIQUE_CHECKS, UNIQUE_CHECKS=0 */;
/*!40014 SET @OLD_FOREIGN_KEY_CHECKS=@@FOREIGN_KEY_CHECKS, FOREIGN_KEY_CHECKS=0 */;
/*!40101 SET @OLD_SQL_MODE=@@SQL_MODE, SQL_MODE='NO_AUTO_VALUE_ON_ZERO' */;
/*!40111 SET @OLD_SQL_NOTES=@@SQL_NOTES, SQL_NOTES=0 */;

--
-- Not dumping tablespaces as no INFORMATION_SCHEMA.FILES table on this server
--

--
-- Table structure for table `admin`
--

DROP TABLE IF EXISTS `admin`;
/*!40101 SET @saved_cs_client     = @@character_set_client */;
/*!40101 SET character_set_client = utf8 */;
CREATE TABLE `admin` (
  `aname` text,
  `apass` text
) ENGINE=InnoDB DEFAULT CHARSET=latin1;
/*!40101 SET character_set_client = @saved_cs_client */;

--
-- Dumping data for table `admin`
--

LOCK TABLES `admin` WRITE;
/*!40000 ALTER TABLE `admin` DISABLE KEYS */;
INSERT INTO `admin` VALUES ('cloud','cloud');
/*!40000 ALTER TABLE `admin` ENABLE KEYS */;
UNLOCK TABLES;

--
-- Table structure for table `okey`
--

DROP TABLE IF EXISTS `okey`;
/*!40101 SET @saved_cs_client     = @@character_set_client */;
/*!40101 SET character_set_client = utf8 */;
CREATE TABLE `okey` (
  `oname` text,
  `okey` text,
  `dt` text,
  `task` text,
  `current` text
) ENGINE=InnoDB DEFAULT CHARSET=latin1;
/*!40101 SET character_set_client = @saved_cs_client */;

--
-- Dumping data for table `okey`
--

LOCK TABLES `okey` WRITE;
/*!40000 ALTER TABLE `okey` DISABLE KEYS */;
INSERT INTO `okey` VALUES ('manju','0w5s0j0i2z1h6c6n4j4d2b5p1e0d6n1d','14/06/2016','New','Current');
/*!40000 ALTER TABLE `okey` ENABLE KEYS */;
UNLOCK TABLES;

--
-- Table structure for table `pkg`
--

DROP TABLE IF EXISTS `pkg`;
/*!40101 SET @saved_cs_client     = @@character_set_client */;
/*!40101 SET character_set_client = utf8 */;
CREATE TABLE `pkg` (
  `username` text,
  `password` text
) ENGINE=InnoDB DEFAULT CHARSET=latin1;
/*!40101 SET character_set_client = @saved_cs_client */;

--
-- Dumping data for table `pkg`
--

LOCK TABLES `pkg` WRITE;
/*!40000 ALTER TABLE `pkg` DISABLE KEYS */;
INSERT INTO `pkg` VALUES ('pkg','pkg');
/*!40000 ALTER TABLE `pkg` ENABLE KEYS */;
UNLOCK TABLES;

--
-- Table structure for table `requests`
--

DROP TABLE IF EXISTS `requests`;
/*!40101 SET @saved_cs_client     = @@character_set_client */;
/*!40101 SET character_set_client = utf8 */;
CREATE TABLE `requests` (
  `reqby` text,
  `reqto` text,
  `fname` text,
  `stat` text,
  `okey` text
) ENGINE=InnoDB DEFAULT CHARSET=latin1;
/*!40101 SET character_set_client = @saved_cs_client */;

--
-- Dumping data for table `requests`
--

LOCK TABLES `requests` WRITE;
/*!40000 ALTER TABLE `requests` DISABLE KEYS */;
INSERT INTO `requests` VALUES ('tmksmanju','manjunath','KeyGen.jsp','[B@2f8116','5p8i1y1z4m8h3h7u8n2n8s3i8b9y1t2c'),('Vasu','manju','connect.jsp','[B@9300cc','0w5s0j0i2z1h6c6n4j4d2b5p1e0d6n1d');
/*!40000 ALTER TABLE `requests` ENABLE KEYS */;
UNLOCK TABLES;

--
-- Table structure for table `secretkeys`
--

DROP TABLE IF EXISTS `secretkeys`;
/*!40101 SET @saved_cs_client     = @@character_set_client */;
/*!40101 SET character_set_client = utf8 */;
CREATE TABLE `secretkeys` (
  `fname` text,
  `dt` text,
  `aeskey` text,
  `stat` text
) ENGINE=InnoDB DEFAULT CHARSET=latin1;
/*!40101 SET character_set_client = @saved_cs_client */;

--
-- Dumping data for table `secretkeys`
--

LOCK TABLES `secretkeys` WRITE;
/*!40000 ALTER TABLE `secretkeys` DISABLE KEYS */;
INSERT INTO `secretkeys` VALUES ('KeyGen.jsp','14/06/2016 15:24:55','[B@1f0b7d3','User'),('connect.jsp','14/06/2016 17:20:48','[B@dfcb47','User'),('NUpdate.jsp','14/06/2016 17:21:30','[B@1c1c92b','User');
/*!40000 ALTER TABLE `secretkeys` ENABLE KEYS */;
UNLOCK TABLES;

--
-- Table structure for table `stateless`
--

DROP TABLE IF EXISTS `stateless`;
/*!40101 SET @saved_cs_client     = @@character_set_client */;
/*!40101 SET character_set_client = utf8 */;
CREATE TABLE `stateless` (
  `si` int(10) NOT NULL auto_increment,
  `fname` text,
  `sk` text,
  PRIMARY KEY  (`si`)
) ENGINE=InnoDB DEFAULT CHARSET=latin1;
/*!40101 SET character_set_client = @saved_cs_client */;

--
-- Dumping data for table `stateless`
--

LOCK TABLES `stateless` WRITE;
/*!40000 ALTER TABLE `stateless` DISABLE KEYS */;
INSERT INTO `stateless` VALUES (1,'KeyGen.jsp','[B@1f0b7d3'),(2,'KeyGen.jsp','[B@e5355f'),(3,'KeyGen.jsp','[B@10e434d'),(4,'KeyGen.jsp','[B@c06258'),(5,'KeyGen.jsp','[B@2f8116'),(6,'connect.jsp','[B@dfcb47'),(7,'NUpdate.jsp','[B@1c1c92b'),(8,'connect.jsp','[B@425743'),(9,'NUpdate.jsp','[B@15b8520');
/*!40000 ALTER TABLE `stateless` ENABLE KEYS */;
UNLOCK TABLES;

--
-- Table structure for table `transactions`
--

DROP TABLE IF EXISTS `transactions`;
/*!40101 SET @saved_cs_client     = @@character_set_client */;
/*!40101 SET character_set_client = utf8 */;
CREATE TABLE `transactions` (
  `uname` text,
  `utype` text,
  `fname` text,
  `sk` text,
  `task` text,
  `dt` text
) ENGINE=InnoDB DEFAULT CHARSET=latin1;
/*!40101 SET character_set_client = @saved_cs_client */;

--
-- Dumping data for table `transactions`
--

LOCK TABLES `transactions` WRITE;
/*!40000 ALTER TABLE `transactions` DISABLE KEYS */;
INSERT INTO `transactions` VALUES ('manjunath','Owner','KeyGen.jsp','[B@1f0b7d3','Upload','14/06/2016 15:24:55'),('tmksmanju','User','KeyGen.jsp','[B@2f8116','Download','14/06/2016 15:40:16'),('tmksmanju','User','KeyGen.jsp','[B@2f8116','Download','14/06/2016 15:40:50'),('manju','Owner','connect.jsp','[B@dfcb47','Upload','14/06/2016 17:20:48'),('manju','Owner','NUpdate.jsp','[B@1c1c92b','Upload','14/06/2016 17:21:30'),('Vasu','User','connect.jsp','[B@9300cc','Download','15/06/2016 17:27:58');
/*!40000 ALTER TABLE `transactions` ENABLE KEYS */;
UNLOCK TABLES;

--
-- Table structure for table `users`
--

DROP TABLE IF EXISTS `users`;
/*!40101 SET @saved_cs_client     = @@character_set_client */;
/*!40101 SET character_set_client = utf8 */;
CREATE TABLE `users` (
  `fullname` text,
  `username` text,
  `pword` text,
  `email` text,
  `mobile` text,
  `address` text,
  `dob` text,
  `gender` text,
  `otype` text,
  `userpic` longblob,
  `ownerkey` text,
  `okeyupdation` text
) ENGINE=InnoDB DEFAULT CHARSET=latin1;
/*!40101 SET character_set_client = @saved_cs_client */;

--
-- Dumping data for table `users`
--

LOCK TABLES `users` WRITE;
/*!40000 ALTER TABLE `users` DISABLE KEYS */;
INSERT INTO `users` VALUES ('manjunath','manjunath','manjunath','tmksmanju13@gmail.com','9535866270','#223,Rajaji nagar,Bangalore','05/06/1987','Male','Owner','\0JFIF\0\0`\0`\0\0\0C\0		\n\n\r\n\n	\r\0C\0\0\0\"\0\0\0\0\0\0\0\0\0\0\0\0	\n\0\0\0\0}\0!1AQa\"q2#BR$3br	\n\Z%&\'()*456789:CDEFGHIJSTUVWXYZcdefghijstuvwxyz\0\0\0\0\0\0\0\0	\n\0\0\0w\0!1AQaq\"2B	#3Rbr\n$4%\Z&\'()*56789:CDEFGHIJSTUVWXYZcdefghijstuvwxyz\0\0\0?\0(\0\ZM*CKF\n1ԓ=U\0~)o3\\-o\rme@I$Rz|\\9Y孒]wIK1}^2Q˷OƟ(߂~I-xUr-%?z\0U?\0QOBڏhI\0_.p\00@X\0^/?jg2v)W.)sKQ׮~[,_)|}{zV5uv?T޾R˔U4l\0\nK	kԼv?KN\0/\rW?xOoMsןL-+2K\0k˵HߥsZe|?ƪßV|\'\0|Qp?|eKd8:~ѿG$\0\0a_j~ʿ_O	S\'7\'Mf2G쀝p}Putvk\0Lbev\0_C־*l$Tn?_\rqqX%.Y{xĚMwo{cvX. IFAV\\>v%ڿ]i<[WVitȏ44A\"rrWM~fQac]S/<4(<(\0+75]WT[\rb[`LO,1,Rfs_Ui}[E{c-$X06\rk:jc])__8qE]\0;un4ېs&[F\'ڻ=3P񥟝\0h:k?j/!.5O~y<ãӉ\0r2ÊjZլlc|ҿ\0¶?T~O6z_@6[x;/k~(mKg=^){Ɵuͨx,V-\0~o/\ZJ7Nݐ Ma]\'%OGGW\0ɝ\0cĪ?B\rTI\0u~x>V\0n8\0gmc\0uG\'O=z{:˲%Iߐ<;oϧ\0=g`f*K;_Oky4_\';]\0i~gǒ\0B1q9eVLEYF1uwҳ/:-wC⯈%[Y4{B!ޭ\"ýU>TsAW_ܿ?%k	#/oy]OiPd\ny8_W:^m-%I\\t`O tOesKBq,+ǳ\nOjZJ74?8H^:k5Q_x|@QE\0WxYArO*IORG$U@<y2?I?M\0C:rf-Kek;V]3+x=:\'U^kj_mGKk<_TVOҳ~W]?羉m/SІ\0da1J7&9G\0yX\0-ӧx@=#N\0k(a\0V;Âk._qXc1&jRO]L\Z/Iϯ;oqկ9n\0jqhtW6󌪪?C+Goש3+D|Swd>_!Hc^wMO7i=qQ+3GX7؃T9_}*ܱHTdrk\0}$OC7>5jr=,hH\Z*\0{??x<?iO`H\0ZøʤY/+\nQ;\Z((\0~5̎12kj?ڻFm?:v0R:ш<e?bIQYG1oů9+Krk;\'5i;Գ8_1\'X1Z#&Ǩm9$栾MX8-\"cbk\0r3T	P{zU3܌5[K	gk?oj|s>ej~\",[[@5,C7EUbq}~.vА\"\0\'w))=m+>^-oP/@<z\0|𯌿d]~X-6A..m-c;dsW>\'գeSj~wGa[5b#9=bRBJ(\0f|~x@#W^&`۰l[\"UU\0*pW\'\ZK?6@˧xrO)-[1F?3_gm~]G>!A?[((\0+Jn|rIew8+HN\ZzRU^2V3l=yѫ\Zݜ]UʒE,LC1[6z][R{;Y[F](|P_3x<VHz5LOT}\Z2҆cUUGC5/B^WƬ\0o\'=bd熏C::Ue39\"Di:{8xͫIGV5k^ 	՘VVfW/\0V^Oy\n.N*uc$:]ğnW_C|i{\r+`,H\0 $<r&099:؇\'Ӧ35\0i~ѐ|Z@KwF7&}灙+\Znv4eq<5K8/v:O !J)i\0\0`M?d\05_iꚍEJϙqqio`@^E g7)9KvQEQ!Ep%qlߊ~0~Wi	e\0v43A~~^-ԗ\Zy~1\0=$+\0jcqR\0S;A8pu#aRMn?c<_ctOdNI|e<+Aq}H\Zyv\nҶ,xq\\ynC\0mecRO]w^in&s\0\0\nVf!\0k{MC\rl$⵻oնZnIr^	\"k\'RᝓMkHMV\rED3$nžژ͜	L\0UByS^Zb#_QA]1FFҟ?5%b?\0\nXgspUp0j\ZHٿ:|3-L#u.q3Y8sַa%Q2W|F1\0-[-F	U	7aizj\0f)~oEk&>#|Qw%Cuq\'\n_OWuK=[MRaLN3ϷZw]Oź5++Wm9~6|@ծ-v&eI@#vatկ~Yu1u!_ӥ^&@pA8l֟_4ĿQ\nֶiz/#|k˺;X@ojGk@<uq_eY2Uɭdܯ,>]\ZkFFh0+\0M	T>D|e\'qH\'(wW-i8M\'¡f(]\'\r\Z=q(_`-[S7ę,ꏴo6ڊC柋?\0M]-E>8XWy\'\'%@**-ֿqʵy7)6{m}%\ZBTaKd%S\n~WVTmBg\"8d>[*;\rxo#w:^Gt_I]GH%uѭI+`pZJ_O<e\0k/5skZ?5ʑPEfG\"+Xӫ\'&\0S]EQzE/NHƨQ^\0wU0Á]j%nViRZ#7t`Wc%j`~Wm,E8gw1<k0_X\\]Z)=T\0	+	\07Oq^4 *j\r \\\"n^̚aV\r|Qcwҭż<nw;N/dňIK3ˀC%uR7tmbYB\r>G~h)_*P6+mtl{gg:t_8m,]bh;i4)bja1198vi\0R\Z׈a5I*2@,q	$tOx^*5RW\0T{ˆCӰӯ+7Vwq`m~\"dqצc{/f42vy\0~,9䑣b36_[q?޵޵Lz-Pgc`lOϽzxPE{6ql\"%\0{GMh?Z^v.nw\0*@ҿO4{}N4_*(H߭~<O5OK;]E?7z+_I]ꢞ]dD>g?^\rO\"<߷x`Oaڇ·_Y?	Kg\0x?JkHЃ/_\0&\03G)sr_tm\0*}.Y|5+MX\0.m#}wW˾6^ė:FasV0sqǽ~I3\n#!J\\^Acv_G;B& i˕2\0,-O</΄iqזݟgF}xŎ*3Nv\\IvImGI4wArкHqO4zꕏU+MSڗ}kHѓ&ʋҙxQZ_3V&&ϱ\0&?]ΩΆ6nWd\'=_\0~#]-fCaF5Yx@dA$2+oj`*;-5kǟHX\\iN6Ug8u\0xn9`dHg\0!?U_M\0_<Bs\'vکL&\0KҾ`ǡE<Wb=m.U\0nO|)kÙ͹RCqI}j֗x}\0Ҁ񞢈cIv\n3_iOZEŗ~[YbO_0p:\n>\"3׉qRB?tۯQΒg	+ǥ|5Z\0\ZSWÃS)\0\\I?W\'[!*OWN}~Cx>?j6KC,yS\\B3OBrqW<l\n6éϵ5\\K($u~\rNnn)&Ye+W\nj[FDhiemuQ%7ex+.˝_	\0U~C>|V.uxCG/g$:1e 4?h\0|,hM{uP{k?(M>>=P\njSok;Z-{ϧ/r])<;s2P}|*}I!0+W	 >lm@;\0NǼW\'#o~^#dfsxQe7y#*9Ӥ\Z53J\r֕H|w\0&dmoXY]AUx+?n\0~ؿfbvjHzU@FoZW>kRS_	S0tJTI9}ުoQI淭yQsgY~Rkz A~amx`k?P:Qf	5}i#ֿx2qIp?U{\'jZy\ZV>_\0D>|P?oOTJ{Y.D/13|U]/\nٿZx^k6\Zmyq/vAwzu/$$\0/_kMД%ݶVWu}V\nzk\nz_TΏO\0-\0X|Gk\0]l\0?(h#exn=GJ,NܽP+m[\0nm\0_6`\0-_I~_݇v:s-̓<\n8Ut[8ZM<N*p<$jdU*KݕXUQk?U	R}Z5jzMRM3?Nk!\0ŚQwcp#0ϾBq8z=n%gx%BV!cwWyZܟQ_}	Z7Z{<qUyDzĳC>1iJqr\ZFO\0Zozz6֛IsH}\0>^e_\\xKETm~ʌ.szf\\WwKiq\0dxSяf^p~si3ֹǅf2|TֱMS8)0pZF.WRm/7vЧT{D2>V\riw\Z|KuGiS>\'.m\ZbLc(ҿLg\0#.[Lm,uo/7Z]OA+\'_gCWYxa#~|5X)Avsǁp9U&*YM$ݻI;&i=_@UVVqCO\rVT?\n4\03⦏\0?4xn?nxBWh\0uR_g뫆Oc:lm$ՓRn\0ϧ}\ZL\\_OkamxS}?.\0z8UU*ޯ8Kӥ6R/ɜ|]Dצծi?\0;ҵ߃ur!u \0doGY>1H,P\0דO~_uLKӢKd~lӆ{	\n{vk+tHyGQכ\Zg7>4HJhNFk!NT*Xy\\FV>n־i?e0M\Zr&2[\0[ڿ\\?c\'煿c}[(Wڍe%\ZDʱ5${N_{<u8ODݚ]g/qv[ɫ5\'^IAZTuwVMjd~ןnu2y-i\0~U߳OMs}m+J2~=\0\Z缱6M\ZH3^_7Ro0Z,*(Ti4h4VtSm4viIw!ڊon\\{;?fp0\0lvIW&\Z\0_1L\0fyY:+\0u^Wn`^qK?xe֥[OM/\0|qla{uz	G#\\\\ۄ,<W1|/ִy|͟yy\r]`wqzd~1bgUћSE)$oWr{z\Z_5j\rտ޶\rR\nGQWV	rW$~pظ*Ƣ}c%%AޘSo`?3jTbu=7{淭F_TDeP}XSSv[NJ*O=\r\"<-9d\0uIf]OJƷo>.o	潅/u~\'~\"pV<<e拒ƶ}ԱY\0=\'m5ǽ-oVo~\0\0JG~ ]oԤO#W(\0z\'qv>YWz-U\'!zJ^Ivb$9ݝKy%x}1|^7o*zy>\0~|/`0Լ\" W_<,!ֿTJIF*-KdD#ZV*);}[}[oQE0\n״oo\n(0π4[ukǼaĢniA\'Z)5$yۦ⟅Ǜؿ:(ENuc%tdniZrMN}֏8afh\\\0</J-\0\0\Z(:9Fs==\0#q.oJXn̂zqk\0\Zдc*?E	B*PQ~I/,^cZ97ۻ:?|>r[lq^O9\0MENM8\'GxᏇ\0 ?ρ4{3>>EGh|\0bHv5E','5p8i1y1z4m8h3h7u8n2n8s3i8b9y1t2c','15/06/2016'),('tmksmanju','tmksmanju','tmksmanju','tmksmanju13@gmail.com','9535866270','#123,Rajaji nagar,Bangalore','05/06/1987','Male','User','\0JFIF\0\0`\0`\0\0\0C\0		\n\n\r\n\n	\r\0C\0\0\0o\"\0\0\0\0\0\0\0\0\0\0\0\0	\n\0\0\0\0}\0!1AQa\"q2#BR$3br	\n\Z%&\'()*456789:CDEFGHIJSTUVWXYZcdefghijstuvwxyz\0\0\0\0\0\0\0\0	\n\0\0\0w\0!1AQaq\"2B	#3Rbr\n$4%\Z&\'()*56789:CDEFGHIJSTUVWXYZcdefghijstuvwxyz\0\0\0?\0(;ľ,|]:eb%\0I5\0y$16r\0fYdU5p/Iyx\"\rnJc%Z^jpj).ͻtY\n)B_i?/4^\ZD杺?U_gMd-}:sdTuR\'kϺnF2dDUcN#=JOCZZgUy,0GFE-ntt0|{\0L֮݉?<\rq|dm\"K\0ZFۚR٨A(	R޼8dqR4[N\0s&\0-7߸sy)8Tm0mel+xYPr\r?!FY,L@!3/&wύ߲Fw]毡׳9%xv\'4{	=4}E\0(\0(<QMv(?*?Cᆍ\0\ZOqO)JQ3\n{+_7c췿,@-omOg5f->+0=27+s}UI#v>!\0?t (ꯩِߕ?tZwkma9@\0]6r\0?̑OJuvHaGzjlp|A->\'Fx=VfHЖe瑎Gz=/WVzkX9H1$:9A O`s3j\0hh?\ZR򎳦l\0;!V@\"zWg_]<,\n^ޚ;ڔomilDw$Տ~<puo\0\0G$4iwcBZ6pUsXq_n?[\0ej3:(PEP\0xܠ\'j9ΦN|=Ww8\'BE9=6WeL\0d^O{\\㏌ yXy0~X0 c_bV(l=SP4Jf?3\\_=o-,+7ZּI[R;KC\Z>OZ[\n#w?*^\ZbOmiW!-\"V~I\'np}=s(oָ_nd$3;qj0ǆA_E/e=O~~1</ij:nH-W\"\\}V\0ppq_m]IQW&u(S}]^#8e̚@=} /o9k\Z+\\G<!Hc8	8r,m\\VԫYl}Җ\n(j9yARR&w\nH\0GPЅ?o\\\0\0m\0xm+Wa=̱dWp_gPt\"ךdUkq+\0QX͟Ƹsɬo\'^TGAx7$c=:i\0\ZS7EО{z.u1ث݉V\nD&CϘï+j;-C>*|eiw}ݧ\\gqP7(	׿xfQYİh#E\0*:\0\0=8=WpVV(?5_`#a\Zjɟc*NyJEsQ@40g>36Ԗc:|ѷ0&Kg\'>:3[0CsЂz5MOx-мL5I\'+3\n{WzMgWrV\rUTaF2Ba`kFk(:{xZ/>a}ynUn#N+KKe73A?Yk{)Lq*$lSͫajЩ*U%џ4U/h׶\0?u<TՆ209⋏3J=w0Fy$eG.}I?yzk8jҾ\ng|	@i76Wsn`r]TVRHC]~_㺲Q%ãb8+If-W<\0~fec34\rNH*H#8$GpjM*g\0fSkުlqN\0joQ&=L1\no}\0\\\0}3^Β;WUϒ=6*xwCXUu+i3P\0IUw\nc|6Ex2Alo9XL\\4J=NlV%P3l_i5	\0-[ɟ\ry\0t!O<7Drc^(L5[[~\'噎:zf߳k򭆓eF?\Zo<ozM&іxc}k:s;pqߵx7<9#P|δVMK-$g?o>\'->	$|0\\5^!?%T\rr::Wٿ?f-gy>#㝠Q۽wpOq1UZwo0^s??ؾKut$1q^UF}5vbW7\ZT?+NUfwmü֝7/RgZ:|qk\0f\0ڞ}yQuuٷx\0\"\rpl$s׊7§.-6#K!ĉ*W8\0}x_D=cBz=Oo+vj*CTٔa#z9FTt~FjN=AC8|@u$2hκlO|_!ԗJ.\\Kh^F>)5uOGSrY%s䳓k8J+}%nZQݝgH:Wx&,9)led׬x.Ug==k{3ʻ?zퟍ\"WexePPc j-cJw-\\=KdVq9psU\0~կ~%l8^_o\0^ȧƺrwlefUIr=:MK-NӠR!TBzdm=ҙmscIstrAϽ~ST+%wo^A=\0Z-v:V\rߕ\'Dr?As8-<+59!RGOk*P,1T<Zݷs]\rzm^ZG\Z6xo/M$C }ˏQCc5RoLV]6\0CCjdW6r1_q^B*?EI{7xo;hؚkt˅x/\'Gq_ZO_o3+2pA.`tp\n _&~؟t>?F@- !wO:oT|sD)ϥzw5!<s\"5?xM;S!ԃgmx\'Wz.&+KC쏃,gNg\nRA?+<D=ӓrGaN׼x7½>#}^khgW;gCҼ>\Zy6zGs:XﲼRXKq<_1^Ҿ>gB* {f_W9xcV9ںcM%nPrW\ndݍrz3͍xc?eVcN7i=Eu9d0wo$K\n񏌚оD9v?Nw4/=6)\\xMq/⺣:nF1_mn}ebwVq(ھF\rx*eq zҿCAwiEd]{k渜#ԾG+-#?1jEoi8C3:<Z@\\}\rm&\01y?~\Za=ƞAB~2\"RIԥ;?=3N\'nv>(9[\"%Fx=+ԿgMn]cO`;/׿+u<gdj>.ݻ,1\\}Đ]{z[WӔDuwMou6FG5Ɣkfx|FXZ,Gm.s_hx	^{RkǃWx2gDO.0̠\0JgAףVV>\ri-V=9PF}.~8ι|MzΏ=@P*Lfe[Q۱<,24',NULL,NULL),('manju','manju','manju','tmksmanju13@gmail.com','9535866270','#345,Rajaji Nagar,Bangalore-21','05/06/1987','Male','Owner','\0JFIF\0\0`\0`\0\0\0C\0		\n\r\Z\Z $.\' \",#(7),01444\'9=82<.342\0C			\r\r2!!22222222222222222222222222222222222222222222222222\0\0\0j\"\0\0\0\0\0\0\0\0\0\0\0\0	\n\0\0\0\0}\0!1AQa\"q2#BR$3br	\n\Z%&\'()*456789:CDEFGHIJSTUVWXYZcdefghijstuvwxyz\0\0\0\0\0\0\0\0	\n\0\0\0w\0!1AQaq\"2B	#3Rbr\n$4%\Z&\'()*56789:CDEFGHIJSTUVWXYZcdefghijstuvwxyz\0\0\0?\0(gX/nX\ZM\"kBN{(1^{O;=\"p8(;^\r/.DC\\*~TY5bs9,Rfߌuw2=ҳ%9叼\0ZEyR_:\"D}vvqmmjЃr1ٟpk*Jiu;wWQ*6?z]7_uؕGw\ZY^ϧEum!hU>߇̪v9!%Ϣ+hַ`ʀB2RIj(bּuqɵ&8[\0J_j~y\"!?<ׁ1,ēNI6T]N;6%GK3p\0k~ڍ=!^Nz鮼B)Z-q\n7ȨAf\'\0#BQkt3e<r+بÏ,D,\'}AB+p\'m[AHDp?0{-wpru>WeiO#2OEWrg+8*ּe(%װI\"mǝ=j\\8\0h_G\r-2E\rrÖ#;}tpj5L^;w;%vZuF;VEH}=*~(/Eٞ%whd]jx%U{bvL|̸2Iӗ\rݹcԯS9Ks\ng`xw،v?ǄUZh\0\0x\rrǅt,m1#r_)mV~mEWIK|;}lT34,Pיx\ZE\r{n`\0ƽWcS>l]GmҼ\\ڕj/C=u\\jEj\'Q\",g#ϵc^l=7ԋDM/QT`Z\\AzJ捨}@}9?Һ\0\0ڛOiKU/ hռW9W@ֱAqU즓u>G=%+<#5Ã^\0r\0扽}W>\"Z[nGu&6*t[\\R%>vs~|޶ҤlݏMtq\\;wO6۔jK!ŪC#WB*{x<Z%ꎌ\Z7Ta$=v~;Yy7z*zcMk@YEܶ~|G+mgW==k\'ĺv6af0Y\0\Zxkz<2s>ߙԖ^TkY\0x5rNsbN<x:x|9xnuKW\n.:zS$Ѭ0e9WIUeC!*GTZN/oJ90ojʳUV]O9Uw?~GQLDr#ԝ?wCH\0_O¸/\rB#iߙ]I\0I{Xf+ey?ҫ;jp[#z:%WeK\"Cڙ{y5GR7ayC[4\\\0ݏǭ^O$Si9?Vzc bMG]ksl=>iV/n\Z\'2\\jO<mIV2[8o־FY#aEy7[}(xLE[Jos_C[.N*pOɫRYӯmVc{kk\0WZFp$e:j?͝Yn-nl\"hn@vltVNaW>wjxHS1U3̪.me0M_ھUh<9I47=Ef[qpmĶp\0u<7^HA>֍ttt<:sw+J)Q\':\Zwu0\0Ǫ+\rۻvkA|(\n6\0zU5b9Qr+ñ\Zϩ_ޛUQ.h.}3SbΣ%[K\0Gc1ef,HU\'?ƺ=%KH\'q?[mGV2NqⶓTM>r1̠?\\?S?+?yktӵ(.l4nץGXFF*3:a\0\\oTqMi$\0\';in*Ŏ\"y([jÎHH|Dh[%h>ܱk9O`NJG+ʪ	Q*Xy(:g.$$R}\0Az<彶M6\0哸:\\9it7L,*GR˹OH#jqr2ZX̏a\0~o={oQ[a*UŀC%tV<IRB?zozO.m&rv7q֣L~8^cag4f>9r8iSy\n#x++Zգa?ח쏂J.S]t O\0K\ngˍS?A|$ڼBg>zNj,	sIniaRQk-+Uy<tUx½ף¼yfC,\0U\\z)1Ͽl:0e=V֗)];J+ƹ7uMPG?¾kU=Qז:xKA:\0U^\0Y4\0]ח<\"Hu-|<EXki\0\Z+xG.8ጟUu;!OsR\'AyK&[l~i0Rt;WK$MƉbg)Ϳ|ޣ\'4ie.x\\m\']͖iEY\nz\"5n&QJ՛Ro%<D5\"P0\0)h\\','0w5s0j0i2z1h6c6n4j4d2b5p1e0d6n1d','15/06/2016'),('Vasu','Vasu','Vasu','Vasu.123@gmail.com','9535866270','#Vijaya Nagar,Bangalore-10','05/06/1987','Male','User','\0JFIF\0\0`\0`\0\0\0C\0		\n\n\r\n\n	\r\0C\0\0\0h\"\0\0\0\0\0\0\0\0\0\0\0\0	\n\0\0\0\0}\0!1AQa\"q2#BR$3br	\n\Z%&\'()*456789:CDEFGHIJSTUVWXYZcdefghijstuvwxyz\0\0\0\0\0\0\0\0	\n\0\0\0w\0!1AQaq\"2B	#3Rbr\n$4%\Z&\'()*56789:CDEFGHIJSTUVWXYZcdefghijstuvwxyz\0\0\0?\0Q\'ډ%*W\0\n߃/>n<-8S:\0o#N@+fkݭ[uU1U=#/!O;z*wh쩝~9\0&+Mo\'~.PBFŹw=WoTVn;Ɏ^k7YMayd99ǥ~K+U	}ֳrr?H> \0ƿu3*xk>#˒du\nу¸\0\n|xa.?&%DXu89G%ofg\'8+x¾մ`iKg4Kii$~W}\0seoUb\ZE,w.N\\pQH>4|CFKt\\#)nkɸ1K/i3øjnԔ3,O\r\0Zg;i>+xcEh}Tn\Zb@\'\\M<Eפ+NnVhZ(\n(\ZW=kO:n\'ȝ	un>t$5?m2d\no.{dʸ3/giDTt)W?4<W\0x6;Ik&ґIj;U\065\0F}t?*̏V ;N~[W\":h⪭g~<e:WZRvhǘ\0M|qe;ٵUYfR&wt9ǧ5]>Ķf+T: #j\n	;x߆\rY\ZwR܄&r1偐w~J:.rIKstmϾj)C?h߅|/UJ\\<׍\\Ҽsq,GK\0uU\'4wocsg}vJ\"\0#\nH\"Ӥ]ܳ\'.=MA\n_[u>)(C袊\n(\no֚zE.z\'nJ\n3O\0F\0\nlWz2)|5\\f\r_wC!֊KtQkįS_:so֣;Rܕ;zUޟΰZX\n;YkZ&5߈<[+$)OE$\0b_+	m\n!DE</$q_~^hJw!\\vgk:H<\"i%=#U\05VBSM\0_lcĶsL\'Ydϡ3W;F}+\r+G?67˕Ggƿu9Q+\r:8II|UR(uQ_`xAEP\0FE|e\0I~?6[6ze]H\0}_=\0I>I]Jó$$\r\0/:`ڞSUSAυՉ=j徭9\\Sy\Zo3}y,uq7^Y\0~:湘5jÎi64OxRsoiws\"sj98\0WƿWozէƶI;y8e<}nʂI澵|a^h	j[H2]J_\0H~&i2šYܮ\ZʑM# J˰WtrckK|\0\0a?d=2PB<I 5\rHvFy?V5@)(E\0\0tjJ4?;VU&KvQEnfQE\0Gztk>2z: \ZMrM&VcNڣ\'»߁5)i1ki4\rm\"[ݸM?k{\0?LZ&~P`PpO\02^[n3pvЁ_f5\\<R\n̳5ݧ۹NV$Hy\\\n9)<W=څ-@S?kkêH12z\n\\=mzbnBD\0eYni.Yo4DSc9?0?NqW߳/\'x,-6>Wh~3Hv?Fyk_/8MM^]ϒ<\\*a_j\nZ\0ό>\'*\ZI[7Vf9fVQt	:3EIaEPHJo\n?\'[xli6W#I29G\'\0d$Ŵ|;hsܾ>Hc#Grk`mߟ/C1K[ֹf͒{Weo;H-\0{Noeٷ\0_7r?q9GaͪMgdb_FJh\0I|c%?\";pH䪁}rM/VK-gIN4}<ofAF<[\0\0y\0x7\nk\Z]5K˗2MqhY3)OߘK\nJ瓖q\'eE7VrNOoo+y6PIu}w\"4\0$\0\07MCƷm$ֲ+`O>/|\'ỹ5\r:\"~H̟1\'xÿ?\rǾY_[ЉYa`Jn;:GrJ.*7Iv\0gĩX|4m]Z?û#[{-;OA($\0&no)Z|usx>x$RnH=q_GslMᾇvch>Im`2+~Zhr\0cp1_GEx*Fҵ7kWzmX]]Y^YH)bu !#m\0Y4ku}n?\'+hjaǭ}f#/%hY/Saf\0t<T?ĞbԬ%fR`G#Xe_IxKojRZ\\FBZ9&Q RB~~ş_l\0\'RӤ`fӮ;V0#YOGX>~eG5^§U-5~)Q^	vIK^CD\rxԵۍFHϨ\'Ϧqls]oǟƿPB)n51,sʐ+=`Wv\raFg8bq2@[ں\0x;⯆h}3TV0cXsۑ\\她f+F!\\נ).NNR>\0~ߓӾ>\0/|<&t\r!T	cO7ozdOĥ]{$dɭ\r7,hR8e$PMrT)KHh^m.+R̿\'꼻l7?\'Op4ztmZFvDUCRD@5mjX=J2A^\ZN4V>3NiVM{p-nZFҸ]@&Rj,yZƪ[T{?co3JM#Z-vd;%coBIƭX2cާk`Xס\n)ǅ!(4]f^m%Yo\"YyY! E|\0[G	g\r\"P\rnS_c0וnif4:x[M\'kυ-\0Ye0\\apNA^[ֿ\0?~2Zy^\'oFR!Yr	9|Wk6\0I \0>u5\\˸\n\ZWG^Cq	t*\'t~[a ^~C\0w\ru,xsž,rr\"ī\0;Q,~^;\0|G5\"γZ;㬽=zs+ޞ>kF۵{\0\0\Z><.\'eKU;{qjG<pִvrCE{1zÚ33Aڵ)G3qzmmӭ:7<`0һ>jFq[zUфY[Ux޴QOS˫QH\0\',r9Pqڱ֌*:]*3W\'ѿh/vKD[:e^	\r\0C?x`Ͳ.@bI\nvhȸPa>_+ҕXdܚoC>NKs\'(Zj)Wϟ|r7b؜tM[ZLȤ;rk_o@-\\_\"[,{V{4\'m⚳>HcaxAfUR0>WZf:~L[9wP=]}Nk߼+\"Y9.I|\'ez˯\0nId7y_|2;MYDa`?p9>}ѫ\nok٣Ź=ꏒ]b57?w?\0jC\0L }GМWӿ3W]G6`YQܓ+7rנx/\\iuXrF|&pUZ-OO[i\0</eiV6vİ[[BX@\0\\Eu7ܢYl!EF*',NULL,NULL);
/*!40000 ALTER TABLE `users` ENABLE KEYS */;
UNLOCK TABLES;

--
-- Table structure for table `webserver`
--

DROP TABLE IF EXISTS `webserver`;
/*!40101 SET @saved_cs_client     = @@character_set_client */;
/*!40101 SET character_set_client = utf8 */;
CREATE TABLE `webserver` (
  `uname` text,
  `fname` text,
  `content` text,
  `sk` text,
  `rank` text,
  `dt` text,
  `keyupdate` text
) ENGINE=InnoDB DEFAULT CHARSET=latin1;
/*!40101 SET character_set_client = @saved_cs_client */;

--
-- Dumping data for table `webserver`
--

LOCK TABLES `webserver` WRITE;
/*!40000 ALTER TABLE `webserver` DISABLE KEYS */;
INSERT INTO `webserver` VALUES ('manjunath','KeyGen.jsp','PCVAIHBhZ2UgaW1wb3J0PSJqYXZhLnNxbC4qLGphdmEudXRpbC5SYW5kb20samF2YS5zZWN1cml0eS5LZXlQYWlyLGphdmEuc2VjdXJpdHkuS2V5UGFpckdlbmVyYXRvcixqYXZhLnNlY3VyaXR5Lk5vU3VjaEFsZ29yaXRobUV4Y2VwdGlvbixqYXZhLnNlY3VyaXR5LlB1YmxpY0tleSxqYXZheC5jcnlwdG8uQ2lwaGVyLGphdmF4LmNyeXB0by5Ob1N1Y2hQYWRkaW5nRXhjZXB0aW9uIiAlPg0KPCVAIHBhZ2UgaW1wb3J0ID0gImphdmEuc3FsLlN0YXRlbWVudCIgJT4NCjwlQCBwYWdlIGltcG9ydCA9ICJqYXZhLnNxbC5SZXN1bHRTZXQiICU+DQo8JUAgaW5jbHVkZSBmaWxlID0gImNvbm5lY3QuanNwIiAlPg0KDQoNCg0KDQo8aHRtbD48c3R5bGUgdHlwZT0idGV4dC9jc3MiPg0KPCEtLQ0KYm9keSB7DQoJYmFja2dyb3VuZC1jb2xvcjogI0ZGRkZGRjsNCn0NCi0tPg0KPC9zdHlsZT4NCjxib2R5Pg0KPGNlbnRlcj4mbmJzcDs8L2NlbnRlcj4NCjxicj48YnI+PGJyPg0KICA8JQ0KICAJCSAgIFN0cmluZyBmbmFtZSA9IHJlcXVlc3QuZ2V0UGFyYW1ldGVyKCJmbmFtZSIpOw0KCQkgIA0KICAgICAgICAgIA0KICANCiAgDQogICB0cnkgew0KCSAgIA0KCQkgS2V5UGFpckdlbmVyYXRvciBrZyA9IEtleVBhaXJHZW5lcmF0b3IuZ2V0SW5zdGFuY2UoIlJTQSIpOyANCgkJIENpcGhlciBlbmNvZGVyID0gQ2lwaGVyLmdldEluc3RhbmNlKCJSU0EiKTsgDQoJCSBLZXlQYWlyIGtwID0ga2cuZ2VuZXJhdGVLZXlQYWlyKCk7IA0KCQkgUHVibGljS2V5IHB1YktleSA9IGtwLmdldFB1YmxpYygpOyANCgkJIA0KCQkgLy8gUlNBIHByb2R1Y2VzIDEwMjQgYml0cyBLZXkNCgkJIA0KCQlieXRlW10gcHViID0gcHViS2V5LmdldEVuY29kZWQoKTsNCgkJU3RyaW5nIHMgPSBwdWIudG9TdHJpbmcoKTsNCgkJDQogICAgIAlTdHJpbmcgc3RyPSJZZXMiOw0KDQogICAgICAgU3RhdGVtZW50IHN0MSA9IGNvbm4uY3JlYXRlU3RhdGVtZW50KCk7DQogICAgICAgU3RyaW5nIHF1ZXJ5MSA9InVwZGF0ZSB3ZWJzZXJ2ZXIgc2V0IHNrPSciK3MrIicgd2hlcmUgZm5hbWU9JyIrZm5hbWUrIicgIjsNCiAgICAgICBzdDEuZXhlY3V0ZVVwZGF0ZSAocXVlcnkxKTsNCgkgIA0KCSBTdGF0ZW1lbnQgc3QxMSA9IGNvbm4uY3JlYXRlU3RhdGVtZW50KCk7DQogICAgICAgU3RyaW5nIHF1ZXJ5MTEgPSJ1cGRhdGUgdHJhbnNhY3Rpb25zIHNldCBzaz0nIitzKyInIHdoZXJlIGZuYW1lPSciK2ZuYW1lKyInICI7DQogICAgICAgc3QxMS5leGVjdXRlVXBkYXRlIChxdWVyeTExKTsNCgkgIA0KCVN0YXRlbWVudCBzdDExMSA9IGNvbm4uY3JlYXRlU3RhdGVtZW50KCk7DQogICAgICAgU3RyaW5nIHF1ZXJ5MTExID0idXBkYXRlIHNlY3JldGtleXMgc2V0IGFlc2tleT0nIitzKyInIHdoZXJlIGZuYW1lPSciK2ZuYW1lKyInICI7DQogICAgICAgc3QxMTEuZXhlY3V0ZVVwZGF0ZSAocXVlcnkxMTEpOw0KCSAgDQoJICAgDQogICAgICAgICAgIA0KCSAgIGNvbm4uY2xvc2UoKTsNCg0KDQoNCg0KCSAgICAgICANCiAgICAgICAgICANCiAgICAgICAgICB9DQogICAgICAgICANCiAgICAgICAgICBjYXRjaChFeGNlcHRpb24gZSkNCiAgICAgICAgICB7DQogICAgICAgICAgICBvdXQucHJpbnRsbihlLmdldE1lc3NhZ2UoKSk7DQoNCiAgICAgICAgICB9DQogICANCiAgIA0KICAgcmVzcG9uc2Uuc2VuZFJlZGlyZWN0KCJwa2dnZW5lcmF0ZWtleS5qc3AiKTsNCgkJIA0KCQkgIA0KCQkgIA0KJT4NCg0KDQoNCjwvYm9keT48L2h0bWw+IE9LRVk6NXA4aTF5MXo0bThoM2g3dThuMm44czNpOGI5eTF0MmM=','[B@1bfa3d3','2','14/06/2016 15:24:55','14/06/2016'),('manju','connect.jsp','PCVAIHBhZ2UgbGFuZ3VhZ2U9ImphdmEiIGNvbnRlbnRUeXBlPSJ0ZXh0L2h0bWw7IGNoYXJzZXQ9SVNPLTg4NTktMSIgcGFnZUVuY29kaW5nPSJJU08tODg1OS0xIiU+DQo8IURPQ1RZUEUgaHRtbCBQVUJMSUMgIi0vL1czQy8vRFREIEhUTUwgNC4wMSBUcmFuc2l0aW9uYWwvL0VOIiAiaHR0cDovL3d3dy53My5vcmcvVFIvaHRtbDQvbG9vc2UuZHRkIj4NCjwlQHBhZ2UgaW1wb3J0PSJqYXZhLnNxbC5Db25uZWN0aW9uIiU+DQo8JUBwYWdlIGltcG9ydD0iamF2YS5zcWwuRHJpdmVyTWFuYWdlciIlPjxodG1sPg0KPGhlYWQ+DQo8bWV0YSBodHRwLWVxdWl2PSJDb250ZW50LVR5cGUiIGNvbnRlbnQ9InRleHQvaHRtbDsgY2hhcnNldD1JU08tODg1OS0xIj4NCjx0aXRsZT5JbnNlcnQgdGl0bGUgaGVyZTwvdGl0bGU+DQo8L2hlYWQ+DQo8Ym9keT4NCjwlDQoJQ2xhc3MuZm9yTmFtZSgiY29tLm15c3FsLmpkYmMuRHJpdmVyIik7DQoJQ29ubmVjdGlvbiBjb25uID0gRHJpdmVyTWFuYWdlci5nZXRDb25uZWN0aW9uKCJqZGJjOm15c3FsOi8vbG9jYWxob3N0OjMzMDYva3VsciIsInJvb3QiLCJyb290Iik7DQolPg0KPC9ib2R5Pg0KPC9odG1sPiBPS0VZOjB3NXMwajBpMnoxaDZjNm40ajRkMmI1cDFlMGQ2bjFk','[B@9300cc','1','14/06/2016 17:20:48','15/06/2016'),('manju','NUpdate.jsp','PCVAIHBhZ2UgbGFuZ3VhZ2U9ImphdmEiIGNvbnRlbnRUeXBlPSJ0ZXh0L2h0bWw7IGNoYXJzZXQ9SVNPLTg4NTktMSINCiAgICBwYWdlRW5jb2Rpbmc9IklTTy04ODU5LTEiJT4NCjwlQGluY2x1ZGUgZmlsZT0iY29ubmVjdC5qc3AiJT4NCjwhRE9DVFlQRSBodG1sIFBVQkxJQyAiLS8vVzNDLy9EVEQgSFRNTCA0LjAxIFRyYW5zaXRpb25hbC8vRU4iICJodHRwOi8vd3d3LnczLm9yZy9UUi9odG1sNC9sb29zZS5kdGQiPg0KPGh0bWw+DQo8aGVhZD4NCjxtZXRhIGh0dHAtZXF1aXY9IkNvbnRlbnQtVHlwZSIgY29udGVudD0idGV4dC9odG1sOyBjaGFyc2V0PUlTTy04ODU5LTEiPg0KPHRpdGxlPkluc2VydCB0aXRsZSBoZXJlPC90aXRsZT4NCjwvaGVhZD4NCjxib2R5Pg0KPCUNCgl0cnl7DQoJCVN0cmluZyB1bmFtZSA9IChTdHJpbmcpYXBwbGljYXRpb24uZ2V0QXR0cmlidXRlKCJ1bmFtZSIpOw0KCQlTdHJpbmcgb2RhdGUgPSByZXF1ZXN0LmdldFBhcmFtZXRlcigib2xkZGF0ZSIpOw0KCQlTdHJpbmcgZGF0ZT0gcmVxdWVzdC5nZXRQYXJhbWV0ZXIoIm5ld2RhdGUiKTsNCgkJLy9vdXQucHJpbnRsbihvZGF0ZSsiICIrZGF0ZSk7DQoJCVN0cmluZyBxdWVyeSA9ICJVUERBVEUgd2Vic2VydmVyIFNFVCBrZXl1cGRhdGU9JyIrZGF0ZSsiJyB3aGVyZSBrZXl1cGRhdGU9JyIrb2RhdGUrIicgYW5kIHVuYW1lPSciK3VuYW1lKyInIjsNCgkJb3V0LnByaW50bG4ocXVlcnkpOw0KCQljb25uLmNyZWF0ZVN0YXRlbWVudCgpLmV4ZWN1dGVVcGRhdGUocXVlcnkpOw0KCQlyZXNwb25zZS5zZW5kUmVkaXJlY3QoIm9ob21lLmpzcCIpOw0KCX1jYXRjaChFeGNlcHRpb24gZSl7DQoJCQ0KCX0NCiU+DQo8L2JvZHk+DQo8L2h0bWw+IE9LRVk6MHc1czBqMGkyejFoNmM2bjRqNGQyYjVwMWUwZDZuMWQ=','[B@179d854','0','14/06/2016 17:21:30','15/06/2016');
/*!40000 ALTER TABLE `webserver` ENABLE KEYS */;
UNLOCK TABLES;
/*!40103 SET TIME_ZONE=@OLD_TIME_ZONE */;

/*!40101 SET SQL_MODE=@OLD_SQL_MODE */;
/*!40014 SET FOREIGN_KEY_CHECKS=@OLD_FOREIGN_KEY_CHECKS */;
/*!40014 SET UNIQUE_CHECKS=@OLD_UNIQUE_CHECKS */;
/*!40101 SET CHARACTER_SET_CLIENT=@OLD_CHARACTER_SET_CLIENT */;
/*!40101 SET CHARACTER_SET_RESULTS=@OLD_CHARACTER_SET_RESULTS */;
/*!40101 SET COLLATION_CONNECTION=@OLD_COLLATION_CONNECTION */;
/*!40111 SET SQL_NOTES=@OLD_SQL_NOTES */;

-- Dump completed on 2016-06-15 17:37:30
